"*注意*","2017.01.27 16:47:44","質問項目の設定が変更されました。この前後でデータフォーマットに不整合が起きる場合がありますのでご注意ください。"
"*注意*","2017.01.27 16:48:45","質問項目の設定が変更されました。この前後でデータフォーマットに不整合が起きる場合がありますのでご注意ください。"
"*注意*","2017.01.27 16:48:54","質問項目の設定が変更されました。この前後でデータフォーマットに不整合が起きる場合がありますのでご注意ください。"
"*注意*","2017.01.30 15:53:45","質問項目の設定が変更されました。この前後でデータフォーマットに不整合が起きる場合がありますのでご注意ください。"
"*注意*","2017.01.30 15:59:49","質問項目の設定が変更されました。この前後でデータフォーマットに不整合が起きる場合がありますのでご注意ください。"
"*注意*","2017.01.30 15:59:52","質問項目の設定が変更されました。この前後でデータフォーマットに不整合が起きる場合がありますのでご注意ください。"
"*注意*","2017.01.30 15:59:55","質問項目の設定が変更されました。この前後でデータフォーマットに不整合が起きる場合がありますのでご注意ください。"
"*注意*","2017.01.30 16:00:00","質問項目の設定が変更されました。この前後でデータフォーマットに不整合が起きる場合がありますのでご注意ください。"
"*注意*","2017.01.30 17:05:21","質問項目の設定が変更されました。この前後でデータフォーマットに不整合が起きる場合がありますのでご注意ください。"
"*注意*","2017.01.30 17:07:11","質問項目の設定が変更されました。この前後でデータフォーマットに不整合が起きる場合がありますのでご注意ください。"
"*注意*","2017.01.30 17:07:29","質問項目の設定が変更されました。この前後でデータフォーマットに不整合が起きる場合がありますのでご注意ください。"
"*注意*","2017.01.30 17:07:35","質問項目の設定が変更されました。この前後でデータフォーマットに不整合が起きる場合がありますのでご注意ください。"
"*注意*","2017.01.30 17:08:10","質問項目の設定が変更されました。この前後でデータフォーマットに不整合が起きる場合がありますのでご注意ください。"
"*注意*","2017.01.30 17:08:15","質問項目の設定が変更されました。この前後でデータフォーマットに不整合が起きる場合がありますのでご注意ください。"
